{
    "Birdsnap": {
        "accuracy_top1": 0.5326361949738573,
        "std_top1": 0.01312320031298829,
        "accuracy_top5": 0.9536178107606679,
        "std_top5": 0.00196692592168838,
        "num_classes": 15,
        "num_images": 847,
        "model": "ViT-L/14@336px",
        "method": "waffle_clip_random_descriptors",
        "repetitions": 7,
        "descriptors_per_class": 30
    },
    "Caltech_256": {
        "accuracy_top1": 0.8917614551293122,
        "std_top1": 0.0009127254035504813,
        "accuracy_top5": 0.9529192668343843,
        "std_top5": 0.0006659282172429983,
        "num_classes": 257,
        "num_images": 30607,
        "model": "ViT-L/14@336px",
        "method": "waffle_clip_random_descriptors",
        "repetitions": 7,
        "descriptors_per_class": 30
    },
    "CompCars": {
        "accuracy_top1": 0.002012389564845384,
        "std_top1": 0.00013001792250978589,
        "accuracy_top5": 0.01085001646500553,
        "std_top5": 0.0002136820300209378,
        "num_classes": 663,
        "num_images": 50757,
        "model": "ViT-L/14@336px",
        "method": "waffle_clip_random_descriptors",
        "repetitions": 7,
        "descriptors_per_class": 30
    },
    "CUB_200_2011": {
        "accuracy_top1": 0.6274039626023349,
        "std_top1": 0.0019748890287884227,
        "accuracy_top5": 0.9113622051058471,
        "std_top5": 0.0008691021226570228,
        "num_classes": 200,
        "num_images": 11796,
        "model": "ViT-L/14@336px",
        "method": "waffle_clip_random_descriptors",
        "repetitions": 7,
        "descriptors_per_class": 30
    },
    "DTD": {
        "accuracy_top1": 0.5313323201621073,
        "std_top1": 0.0020540156973366977,
        "accuracy_top5": 0.7880445795339412,
        "std_top5": 0.002670287681143556,
        "num_classes": 47,
        "num_images": 5640,
        "model": "ViT-L/14@336px",
        "method": "waffle_clip_random_descriptors",
        "repetitions": 7,
        "descriptors_per_class": 30
    },
    "FGVC_Aircraft": {
        "accuracy_top1": 0.4724186704384724,
        "std_top1": 0.005111483738432074,
        "accuracy_top5": 0.8610003857528611,
        "std_top5": 0.001929240484321603,
        "num_classes": 70,
        "num_images": 3333,
        "model": "ViT-L/14@336px",
        "method": "waffle_clip_random_descriptors",
        "repetitions": 7,
        "descriptors_per_class": 30
    },
    "Flavia_Leaves": {
        "accuracy_top1": 0.14735894357743096,
        "std_top1": 0.003593616451028831,
        "accuracy_top5": 0.4215186074429772,
        "std_top5": 0.005485920291245767,
        "num_classes": 32,
        "num_images": 1904,
        "model": "ViT-L/14@336px",
        "method": "waffle_clip_random_descriptors",
        "repetitions": 7,
        "descriptors_per_class": 30
    },
    "food-101": {
        "accuracy_top1": 0.919980198019802,
        "std_top1": 0.0008235270581093639,
        "accuracy_top5": 0.9884695898161244,
        "std_top5": 0.00011336613810191738,
        "num_classes": 101,
        "num_images": 101000,
        "model": "ViT-L/14@336px",
        "method": "waffle_clip_random_descriptors",
        "repetitions": 7,
        "descriptors_per_class": 30
    },
    "FoodX-251": {
        "accuracy_top1": 0.7413825960599348,
        "std_top1": 0.0011936892080676,
        "accuracy_top5": 0.9375640201052907,
        "std_top5": 0.0007449675204798509,
        "num_classes": 251,
        "num_images": 11994,
        "model": "ViT-L/14@336px",
        "method": "waffle_clip_random_descriptors",
        "repetitions": 7,
        "descriptors_per_class": 30
    },
    "Leaf": {
        "accuracy_top1": 0.3098748978977688,
        "std_top1": 0.006686080461619216,
        "accuracy_top5": 0.6675121447917114,
        "std_top5": 0.010836483869581033,
        "num_classes": 10,
        "num_images": 3323,
        "model": "ViT-L/14@336px",
        "method": "waffle_clip_random_descriptors",
        "repetitions": 7,
        "descriptors_per_class": 30
    },
    "Leeds_Butterfly": {
        "accuracy_top1": 0.678228021978022,
        "std_top1": 0.010628974959163586,
        "accuracy_top5": 0.9934752747252746,
        "std_top5": 0.0027898483532403755,
        "num_classes": 10,
        "num_images": 832,
        "model": "ViT-L/14@336px",
        "method": "waffle_clip_random_descriptors",
        "repetitions": 7,
        "descriptors_per_class": 30
    },
    "LZUPSD": {
        "accuracy_top1": 0.009691154041687852,
        "std_top1": 0.0009120932952724529,
        "accuracy_top5": 0.074288256227758,
        "std_top5": 0.0015861697984683122,
        "num_classes": 88,
        "num_images": 4496,
        "model": "ViT-L/14@336px",
        "method": "waffle_clip_random_descriptors",
        "repetitions": 7,
        "descriptors_per_class": 30
    },
    "MIT_Indoor_Scenes": {
        "accuracy_top1": 0.829860062418202,
        "std_top1": 0.0025270761162219367,
        "accuracy_top5": 0.9821348489424598,
        "std_top5": 0.0003582253057444932,
        "num_classes": 67,
        "num_images": 15609,
        "model": "ViT-L/14@336px",
        "method": "waffle_clip_random_descriptors",
        "repetitions": 7,
        "descriptors_per_class": 30
    },
    "MNIST_Butterfly": {
        "accuracy_top1": 0.3654285714285714,
        "std_top1": 0.0033319725113401745,
        "accuracy_top5": 0.5722857142857142,
        "std_top5": 0.003282607226593162,
        "num_classes": 100,
        "num_images": 500,
        "model": "ViT-L/14@336px",
        "method": "waffle_clip_random_descriptors",
        "repetitions": 7,
        "descriptors_per_class": 30
    },
    "NA_Fish": {
        "accuracy_top1": 0.7314920634920634,
        "std_top1": 0.007652933903366865,
        "accuracy_top5": 0.9973809523809525,
        "std_top5": 0.000419360152813403,
        "num_classes": 9,
        "num_images": 9000,
        "model": "ViT-L/14@336px",
        "method": "waffle_clip_random_descriptors",
        "repetitions": 7,
        "descriptors_per_class": 30
    },
    "Oxford-IIIT_Pet_Dataset": {
        "accuracy_top1": 0.8848094658082478,
        "std_top1": 0.0012264370997160882,
        "accuracy_top5": 0.9855576822690099,
        "std_top5": 0.002685096460647249,
        "num_classes": 37,
        "num_images": 7389,
        "model": "ViT-L/14@336px",
        "method": "waffle_clip_random_descriptors",
        "repetitions": 7,
        "descriptors_per_class": 30
    },
    "Oxford_Flowers_192": {
        "accuracy_top1": 0.7883339154732798,
        "std_top1": 0.008250794139725957,
        "accuracy_top5": 0.9069158225637443,
        "std_top5": 0.0024821289562612504,
        "num_classes": 102,
        "num_images": 818,
        "model": "ViT-L/14@336px",
        "method": "waffle_clip_random_descriptors",
        "repetitions": 7,
        "descriptors_per_class": 30
    },
    "SlowSketch": {
        "accuracy_top1": 0.8620950142689272,
        "std_top1": 0.0035906076273640075,
        "accuracy_top5": 0.969531643444687,
        "std_top5": 0.0023591521441254392,
        "num_classes": 20,
        "num_images": 1702,
        "model": "ViT-L/14@336px",
        "method": "waffle_clip_random_descriptors",
        "repetitions": 7,
        "descriptors_per_class": 30
    },
    "Stanford_Cars": {
        "accuracy_top1": 0.7834865282065675,
        "std_top1": 0.0012482772154544831,
        "accuracy_top5": 0.9822130227336514,
        "std_top5": 0.0003176882240435441,
        "num_classes": 196,
        "num_images": 8144,
        "model": "ViT-L/14@336px",
        "method": "waffle_clip_random_descriptors",
        "repetitions": 7,
        "descriptors_per_class": 30
    },
    "Stanford_Dogs": {
        "accuracy_top1": 0.7397056781896431,
        "std_top1": 0.0009344577120435445,
        "accuracy_top5": 0.9436762460086074,
        "std_top5": 0.0005669170342661436,
        "num_classes": 120,