{
    "Birdsnap": {
        "accuracy_top1": 0.469219092595716,
        "std_top1": 0.00467411248458459,
        "accuracy_top5": 0.9347276100522853,
        "std_top5": 0.0038755693348207433,
        "num_classes": 15,
        "num_images": 847,
        "model": "RN50x64",
        "method": "waffle_clip_random_descriptors",
        "repetitions": 7,
        "descriptors_per_class": 30
    },
    "Caltech_256": {
        "accuracy_top1": 0.8642607433406923,
        "std_top1": 0.0014139264859071071,
        "accuracy_top5": 0.9501187870188426,
        "std_top5": 0.0011978759383621254,
        "num_classes": 257,
        "num_images": 30607,
        "model": "RN50x64",
        "method": "waffle_clip_random_descriptors",
        "repetitions": 7,
        "descriptors_per_class": 30
    },
    "CompCars": {
        "accuracy_top1": 0.0027132077489663634,
        "std_top1": 0.00012177522398196411,
        "accuracy_top5": 0.011294712340873462,
        "std_top5": 0.00031323591579937484,
        "num_classes": 663,
        "num_images": 50757,
        "model": "RN50x64",
        "method": "waffle_clip_random_descriptors",
        "repetitions": 7,
        "descriptors_per_class": 30
    },
    "CUB_200_2011": {
        "accuracy_top1": 0.6144940173424407,
        "std_top1": 0.0010201734093229018,
        "accuracy_top5": 0.9105265707503755,
        "std_top5": 0.0010567533477873056,
        "num_classes": 200,
        "num_images": 11796,
        "model": "RN50x64",
        "method": "waffle_clip_random_descriptors",
        "repetitions": 7,
        "descriptors_per_class": 30
    },
    "DTD": {
        "accuracy_top1": 0.5166413373860183,
        "std_top1": 0.004550537623160053,
        "accuracy_top5": 0.8043819655521782,
        "std_top5": 0.0033301984192947638,
        "num_classes": 47,
        "num_images": 5640,
        "model": "RN50x64",
        "method": "waffle_clip_random_descriptors",
        "repetitions": 7,
        "descriptors_per_class": 30
    },
    "FGVC_Aircraft": {
        "accuracy_top1": 0.44743045733144743,
        "std_top1": 0.003638427916455234,
        "accuracy_top5": 0.8335690711928336,
        "std_top5": 0.0020140311387374203,
        "num_classes": 70,
        "num_images": 3333,
        "model": "RN50x64",
        "method": "waffle_clip_random_descriptors",
        "repetitions": 7,
        "descriptors_per_class": 30
    },
    "Flavia_Leaves": {
        "accuracy_top1": 0.24294717887154862,
        "std_top1": 0.0056417380543539826,
        "accuracy_top5": 0.4498799519807923,
        "std_top5": 0.008854813020367312,
        "num_classes": 32,
        "num_images": 1904,
        "model": "RN50x64",
        "method": "waffle_clip_random_descriptors",
        "repetitions": 7,
        "descriptors_per_class": 30
    },
    "food-101": {
        "accuracy_top1": 0.893995756718529,
        "std_top1": 0.0009089188590378574,
        "accuracy_top5": 0.9833055162659123,
        "std_top5": 0.00023270658351432904,
        "num_classes": 101,
        "num_images": 101000,
        "model": "RN50x64",
        "method": "waffle_clip_random_descriptors",
        "repetitions": 7,
        "descriptors_per_class": 30
    },
    "FoodX-251": {
        "accuracy_top1": 0.7071035517758879,
        "std_top1": 0.0011159267898589187,
        "accuracy_top5": 0.924497963267348,
        "std_top5": 0.0010860327592419803,
        "num_classes": 251,
        "num_images": 11994,
        "model": "RN50x64",
        "method": "waffle_clip_random_descriptors",
        "repetitions": 7,
        "descriptors_per_class": 30
    },
    "Leaf": {
        "accuracy_top1": 0.20729977215081036,
        "std_top1": 0.02251368163184847,
        "accuracy_top5": 0.6692317613172262,
        "std_top5": 0.015863171182238563,
        "num_classes": 10,
        "num_images": 3323,
        "model": "RN50x64",
        "method": "waffle_clip_random_descriptors",
        "repetitions": 7,
        "descriptors_per_class": 30
    },
    "Leeds_Butterfly": {
        "accuracy_top1": 0.7304258241758241,
        "std_top1": 0.0064153645921254734,
        "accuracy_top5": 1.0,
        "std_top5": 0.0,
        "num_classes": 10,
        "num_images": 832,
        "model": "RN50x64",
        "method": "waffle_clip_random_descriptors",
        "repetitions": 7,
        "descriptors_per_class": 30
    },
    "LZUPSD": {
        "accuracy_top1": 0.011279867819013727,
        "std_top1": 0.001278889921040805,
        "accuracy_top5": 0.06621759023894257,
        "std_top5": 0.003809469297216815,
        "num_classes": 88,
        "num_images": 4496,
        "model": "RN50x64",
        "method": "waffle_clip_random_descriptors",
        "repetitions": 7,
        "descriptors_per_class": 30
    },
    "MIT_Indoor_Scenes": {
        "accuracy_top1": 0.8049568472401454,
        "std_top1": 0.0036909250100598534,
        "accuracy_top5": 0.9797827260829377,
        "std_top5": 0.0006191129485841424,
        "num_classes": 67,
        "num_images": 15609,
        "model": "RN50x64",
        "method": "waffle_clip_random_descriptors",
        "repetitions": 7,
        "descriptors_per_class": 30
    },
    "MNIST_Butterfly": {
        "accuracy_top1": 0.3648571428571428,
        "std_top1": 0.006127888739864924,
        "accuracy_top5": 0.5951428571428571,
        "std_top5": 0.0031815796359028724,
        "num_classes": 100,
        "num_images": 500,
        "model": "RN50x64",
        "method": "waffle_clip_random_descriptors",
        "repetitions": 7,
        "descriptors_per_class": 30
    },
    "NA_Fish": {
        "accuracy_top1": 0.6246984126984126,
        "std_top1": 0.012820111279251678,
        "accuracy_top5": 0.9912698412698413,
        "std_top5": 0.001671271039773318,
        "num_classes": 9,
        "num_images": 9000,
        "model": "RN50x64",
        "method": "waffle_clip_random_descriptors",
        "repetitions": 7,
        "descriptors_per_class": 30
    },
    "Oxford-IIIT_Pet_Dataset": {
        "accuracy_top1": 0.9051679136941013,
        "std_top1": 0.001972801425876142,
        "accuracy_top5": 0.9922278290122383,
        "std_top5": 0.0007477941962304375,
        "num_classes": 37,
        "num_images": 7389,
        "model": "RN50x64",
        "method": "waffle_clip_random_descriptors",
        "repetitions": 7,
        "descriptors_per_class": 30
    },
    "Oxford_Flowers_192": {
        "accuracy_top1": 0.7596926301082779,
        "std_top1": 0.00758839014404485,
        "accuracy_top5": 0.907963674467342,
        "std_top5": 0.001076565491262489,
        "num_classes": 102,
        "num_images": 818,
        "model": "RN50x64",
        "method": "waffle_clip_random_descriptors",
        "repetitions": 7,
        "descriptors_per_class": 30
    },
    "SlowSketch": {
        "accuracy_top1": 0.82516367298976,
        "std_top1": 0.0036470641232835958,
        "accuracy_top5": 0.9560181299311734,
        "std_top5": 0.0026911565455567063,
        "num_classes": 20,
        "num_images": 1702,
        "model": "RN50x64",
        "method": "waffle_clip_random_descriptors",
        "repetitions": 7,
        "descriptors_per_class": 30
    },
    "Stanford_Cars": {
        "accuracy_top1": 0.7481581532416504,
        "std_top1": 0.001772115307376085,
        "accuracy_top5": 0.9776522593320235,
        "std_top5": 0.0007007782892028285,
        "num_classes": 196,
        "num_images": 8144,
        "model": "RN50x64",
        "method": "waffle_clip_random_descriptors",
        "repetitions": 7,
        "descriptors_per_class": 30
    },
    "Stanford_Dogs": {
        "accuracy_top1": 0.7069276690267944,
        "std_top1": 0.002575231642521608,
        "accuracy_top5": 0.9402193530473414,
        "std_top5": 0.0006418590173853843,
        "num_classes": 120,
        "num_images": 20580,
        "model": "RN50x64",
        "method": "waffle_clip_random_descriptors",
        "repetitions": 7,
        "descriptors_per_class": 30
    }
}