{
    "Birdsnap": {
        "accuracy_top1": 0.4366672288750211,
        "std_top1": 0.012549215879735712,
        "accuracy_top5": 0.9208972845336482,
        "std_top5": 0.0020930466598061475,
        "num_classes": 15,
        "num_images": 847,
        "model": "RN50x16",
        "method": "waffle_clip_random_descriptors",
        "repetitions": 7,
        "descriptors_per_class": 30
    },
    "Caltech_256": {
        "accuracy_top1": 0.8467157372963234,
        "std_top1": 0.0016415154702407312,
        "accuracy_top5": 0.9506975528473877,
        "std_top5": 0.0009076272082209518,
        "num_classes": 257,
        "num_images": 30607,
        "model": "RN50x16",
        "method": "waffle_clip_random_descriptors",
        "repetitions": 7,
        "descriptors_per_class": 30
    },
    "CompCars": {
        "accuracy_top1": 0.0019532844167869877,
        "std_top1": 0.00013213315651668605,
        "accuracy_top5": 0.00950185618310212,
        "std_top5": 0.00017675612335646954,
        "num_classes": 663,
        "num_images": 50757,
        "model": "RN50x16",
        "method": "waffle_clip_random_descriptors",
        "repetitions": 7,
        "descriptors_per_class": 30
    },
    "CUB_200_2011": {
        "accuracy_top1": 0.5581916388121881,
        "std_top1": 0.0021267888793794756,
        "accuracy_top5": 0.8764108898900355,
        "std_top5": 0.0005388895863316338,
        "num_classes": 200,
        "num_images": 11796,
        "model": "RN50x16",
        "method": "waffle_clip_random_descriptors",
        "repetitions": 7,
        "descriptors_per_class": 30
    },
    "DTD": {
        "accuracy_top1": 0.4784447821681864,
        "std_top1": 0.0035736733695555523,
        "accuracy_top5": 0.7470364741641339,
        "std_top5": 0.004738403712856175,
        "num_classes": 47,
        "num_images": 5640,
        "model": "RN50x16",
        "method": "waffle_clip_random_descriptors",
        "repetitions": 7,
        "descriptors_per_class": 30
    },
    "FGVC_Aircraft": {
        "accuracy_top1": 0.3586215764433586,
        "std_top1": 0.010587900835273202,
        "accuracy_top5": 0.7393167888217392,
        "std_top5": 0.008358528142445615,
        "num_classes": 70,
        "num_images": 3333,
        "model": "RN50x16",
        "method": "waffle_clip_random_descriptors",
        "repetitions": 7,
        "descriptors_per_class": 30
    },
    "Flavia_Leaves": {
        "accuracy_top1": 0.14915966386554622,
        "std_top1": 0.0017975913191342883,
        "accuracy_top5": 0.4570078031212485,
        "std_top5": 0.008055861663547142,
        "num_classes": 32,
        "num_images": 1904,
        "model": "RN50x16",
        "method": "waffle_clip_random_descriptors",
        "repetitions": 7,
        "descriptors_per_class": 30
    },
    "food-101": {
        "accuracy_top1": 0.8771725601131541,
        "std_top1": 0.0010063984683210063,
        "accuracy_top5": 0.979067892503536,
        "std_top5": 0.0002676894480689584,
        "num_classes": 101,
        "num_images": 101000,
        "model": "RN50x16",
        "method": "waffle_clip_random_descriptors",
        "repetitions": 7,
        "descriptors_per_class": 30
    },
    "FoodX-251": {
        "accuracy_top1": 0.6848900640796588,
        "std_top1": 0.0014946882433646324,
        "accuracy_top5": 0.907584744753329,
        "std_top5": 0.0011662775830671294,
        "num_classes": 251,
        "num_images": 11994,
        "model": "RN50x16",
        "method": "waffle_clip_random_descriptors",
        "repetitions": 7,
        "descriptors_per_class": 30
    },
    "Leaf": {
        "accuracy_top1": 0.1733373457718929,
        "std_top1": 0.00681123369570735,
        "accuracy_top5": 0.6289497442070419,
        "std_top5": 0.009329613018910998,
        "num_classes": 10,
        "num_images": 3323,
        "model": "RN50x16",
        "method": "waffle_clip_random_descriptors",
        "repetitions": 7,
        "descriptors_per_class": 30
    },
    "Leeds_Butterfly": {
        "accuracy_top1": 0.6959134615384616,
        "std_top1": 0.007789351800971007,
        "accuracy_top5": 0.9783653846153847,
        "std_top5": 0.005957881721462049,
        "num_classes": 10,
        "num_images": 832,
        "model": "RN50x16",
        "method": "waffle_clip_random_descriptors",
        "repetitions": 7,
        "descriptors_per_class": 30
    },
    "LZUPSD": {
        "accuracy_top1": 0.011915353329944077,
        "std_top1": 0.0013959000150285206,
        "accuracy_top5": 0.04966319267920692,
        "std_top5": 0.0019416136397371875,
        "num_classes": 88,
        "num_images": 4496,
        "model": "RN50x16",
        "method": "waffle_clip_random_descriptors",
        "repetitions": 7,
        "descriptors_per_class": 30
    },
    "MIT_Indoor_Scenes": {
        "accuracy_top1": 0.7998682079020345,
        "std_top1": 0.0039939178178563,
        "accuracy_top5": 0.980377620969587,
        "std_top5": 0.0006548801998846256,
        "num_classes": 67,
        "num_images": 15609,
        "model": "RN50x16",
        "method": "waffle_clip_random_descriptors",
        "repetitions": 7,
        "descriptors_per_class": 30
    },
    "MNIST_Butterfly": {
        "accuracy_top1": 0.3017142857142857,
        "std_top1": 0.0037688302737922657,
        "accuracy_top5": 0.47771428571428565,
        "std_top5": 0.00494871659305394,
        "num_classes": 100,
        "num_images": 500,
        "model": "RN50x16",
        "method": "waffle_clip_random_descriptors",
        "repetitions": 7,
        "descriptors_per_class": 30
    },
    "NA_Fish": {
        "accuracy_top1": 0.5900952380952381,
        "std_top1": 0.004458481235317036,
        "accuracy_top5": 0.9946190476190475,
        "std_top5": 0.0006922527773764148,
        "num_classes": 9,
        "num_images": 9000,
        "model": "RN50x16",
        "method": "waffle_clip_random_descriptors",
        "repetitions": 7,
        "descriptors_per_class": 30
    },
    "Oxford-IIIT_Pet_Dataset": {
        "accuracy_top1": 0.8687237785897955,
        "std_top1": 0.00324323441623214,
        "accuracy_top5": 0.9811495852908765,
        "std_top5": 0.0035348540759152667,
        "num_classes": 37,
        "num_images": 7389,
        "model": "RN50x16",
        "method": "waffle_clip_random_descriptors",
        "repetitions": 7,
        "descriptors_per_class": 30
    },
    "Oxford_Flowers_192": {
        "accuracy_top1": 0.7090464547677262,
        "std_top1": 0.006663913387474306,
        "accuracy_top5": 0.8679706601466993,
        "std_top5": 0.002356049172761461,
        "num_classes": 102,
        "num_images": 818,
        "model": "RN50x16",
        "method": "waffle_clip_random_descriptors",
        "repetitions": 7,
        "descriptors_per_class": 30
    },
    "SlowSketch": {
        "accuracy_top1": 0.7769850595937553,
        "std_top1": 0.005465442536880863,
        "accuracy_top5": 0.9446869229477926,
        "std_top5": 0.003002945076380463,
        "num_classes": 20,
        "num_images": 1702,
        "model": "RN50x16",
        "method": "waffle_clip_random_descriptors",
        "repetitions": 7,
        "descriptors_per_class": 30
    },
    "Stanford_Cars": {
        "accuracy_top1": 0.7106020207690148,
        "std_top1": 0.00225118400605606,
        "accuracy_top5": 0.9667239685658152,
        "std_top5": 0.0011941041555653621,
        "num_classes": 196,
        "num_images": 8144,
        "model": "RN50x16",
        "method": "waffle_clip_random_descriptors",
        "repetitions": 7,
        "descriptors_per_class": 30
    },
    "Stanford_Dogs": {
        "accuracy_top1": 0.6680966264056644,
        "std_top1": 0.0020022497711864305,
        "accuracy_top5": 0.9101416076634736,
        "std_top5": 0.0012045143194267009,
        "num_classes": 120,
        "num_images": 20580,
        "model": "RN50x16",
        "method": "waffle_clip_random_descriptors",
        "repetitions": 7,