{
    "Birdsnap": {
        "accuracy_top1": 0.36717827626918537,
        "std_top1": 0.0075729277519459215,
        "accuracy_top5": 0.8546129195479846,
        "std_top5": 0.007207239203650376,
        "num_classes": 15,
        "num_images": 847,
        "model": "RN101",
        "method": "waffle_clip_random_descriptors",
        "repetitions": 7,
        "descriptors_per_class": 30
    },
    "Caltech_256": {
        "accuracy_top1": 0.8018380482522671,
        "std_top1": 0.0038706215354877465,
        "accuracy_top5": 0.9342727387292358,
        "std_top5": 0.0010982539416972779,
        "num_classes": 257,
        "num_images": 30607,
        "model": "RN101",
        "method": "waffle_clip_random_descriptors",
        "repetitions": 7,
        "descriptors_per_class": 30
    },
    "CompCars": {
        "accuracy_top1": 0.0028933377240014753,
        "std_top1": 0.0001350388324863865,
        "accuracy_top5": 0.009932479404670432,
        "std_top5": 0.000213088055195739,
        "num_classes": 663,
        "num_images": 50757,
        "model": "RN101",
        "method": "waffle_clip_random_descriptors",
        "repetitions": 7,
        "descriptors_per_class": 30
    },
    "CUB_200_2011": {
        "accuracy_top1": 0.4911713413748002,
        "std_top1": 0.0020538879033561008,
        "accuracy_top5": 0.8053819696749505,
        "std_top5": 0.0010910338254667526,
        "num_classes": 200,
        "num_images": 11796,
        "model": "RN101",
        "method": "waffle_clip_random_descriptors",
        "repetitions": 7,
        "descriptors_per_class": 30
    },
    "DTD": {
        "accuracy_top1": 0.3898429584599797,
        "std_top1": 0.0038865385570043868,
        "accuracy_top5": 0.6783941236068897,
        "std_top5": 0.007627604918741409,
        "num_classes": 47,
        "num_images": 5640,
        "model": "RN101",
        "method": "waffle_clip_random_descriptors",
        "repetitions": 7,
        "descriptors_per_class": 30
    },
    "FGVC_Aircraft": {
        "accuracy_top1": 0.2377952080922378,
        "std_top1": 0.006398566816858325,
        "accuracy_top5": 0.6012601260126013,
        "std_top5": 0.012503935819407168,
        "num_classes": 70,
        "num_images": 3333,
        "model": "RN101",
        "method": "waffle_clip_random_descriptors",
        "repetitions": 7,
        "descriptors_per_class": 30
    },
    "Flavia_Leaves": {
        "accuracy_top1": 0.09476290516206483,
        "std_top1": 0.003785857086297379,
        "accuracy_top5": 0.3611944777911164,
        "std_top5": 0.009078321405914871,
        "num_classes": 32,
        "num_images": 1904,
        "model": "RN101",
        "method": "waffle_clip_random_descriptors",
        "repetitions": 7,
        "descriptors_per_class": 30
    },
    "food-101": {
        "accuracy_top1": 0.803117397454031,
        "std_top1": 0.0008583556989388394,
        "accuracy_top5": 0.9564413012729843,
        "std_top5": 0.00032247698430187593,
        "num_classes": 101,
        "num_images": 101000,
        "model": "RN101",
        "method": "waffle_clip_random_descriptors",
        "repetitions": 7,
        "descriptors_per_class": 30
    },
    "FoodX-251": {
        "accuracy_top1": 0.6209414230924987,
        "std_top1": 0.0018013950866907927,
        "accuracy_top5": 0.8633483408370851,
        "std_top5": 0.0010952680085349923,
        "num_classes": 251,
        "num_images": 11994,
        "model": "RN101",
        "method": "waffle_clip_random_descriptors",
        "repetitions": 7,
        "descriptors_per_class": 30
    },
    "Leaf": {
        "accuracy_top1": 0.2189501741111732,
        "std_top1": 0.019864083137550902,
        "accuracy_top5": 0.6765401315506642,
        "std_top5": 0.00761549414095883,
        "num_classes": 10,
        "num_images": 3323,
        "model": "RN101",
        "method": "waffle_clip_random_descriptors",
        "repetitions": 7,
        "descriptors_per_class": 30
    },
    "Leeds_Butterfly": {
        "accuracy_top1": 0.5432692307692307,
        "std_top1": 0.005710264130602987,
        "accuracy_top5": 0.8719093406593406,
        "std_top5": 0.00748831129373509,
        "num_classes": 10,
        "num_images": 832,
        "model": "RN101",
        "method": "waffle_clip_random_descriptors",
        "repetitions": 7,
        "descriptors_per_class": 30
    },
    "LZUPSD": {
        "accuracy_top1": 0.014584392475851552,
        "std_top1": 0.0009120932952724532,
        "accuracy_top5": 0.07193695983731571,
        "std_top5": 0.00293839044781314,
        "num_classes": 88,
        "num_images": 4496,
        "model": "RN101",
        "method": "waffle_clip_random_descriptors",
        "repetitions": 7,
        "descriptors_per_class": 30
    },
    "MIT_Indoor_Scenes": {
        "accuracy_top1": 0.7664076585852485,
        "std_top1": 0.0032533052494625172,
        "accuracy_top5": 0.9679580461821476,
        "std_top5": 0.0007629907654253185,
        "num_classes": 67,
        "num_images": 15609,
        "model": "RN101",
        "method": "waffle_clip_random_descriptors",
        "repetitions": 7,
        "descriptors_per_class": 30
    },
    "MNIST_Butterfly": {
        "accuracy_top1": 0.2811428571428572,
        "std_top1": 0.0025872528966106698,
        "accuracy_top5": 0.43342857142857144,
        "std_top5": 0.002969229955832364,
        "num_classes": 100,
        "num_images": 500,
        "model": "RN101",
        "method": "waffle_clip_random_descriptors",
        "repetitions": 7,
        "descriptors_per_class": 30
    },
    "NA_Fish": {
        "accuracy_top1": 0.521984126984127,
        "std_top1": 0.012259456785487394,
        "accuracy_top5": 0.9474126984126984,
        "std_top5": 0.005000780992167129,
        "num_classes": 9,
        "num_images": 9000,
        "model": "RN101",
        "method": "waffle_clip_random_descriptors",
        "repetitions": 7,
        "descriptors_per_class": 30
    },
    "Oxford-IIIT_Pet_Dataset": {
        "accuracy_top1": 0.7939601337896101,
        "std_top1": 0.004536640828115354,
        "accuracy_top5": 0.9483788643350153,
        "std_top5": 0.0011661318059664203,
        "num_classes": 37,
        "num_images": 7389,
        "model": "RN101",
        "method": "waffle_clip_random_descriptors",
        "repetitions": 7,
        "descriptors_per_class": 30
    },
    "Oxford_Flowers_192": {
        "accuracy_top1": 0.6428571428571429,
        "std_top1": 0.00454740362077945,
        "accuracy_top5": 0.8449179182675515,
        "std_top5": 0.0033593056342422862,
        "num_classes": 102,
        "num_images": 818,
        "model": "RN101",
        "method": "waffle_clip_random_descriptors",
        "repetitions": 7,
        "descriptors_per_class": 30
    },
    "SlowSketch": {
        "accuracy_top1": 0.7006882659056571,
        "std_top1": 0.004044580763188435,
        "accuracy_top5": 0.8929830451569583,
        "std_top5": 0.005542244089044553,
        "num_classes": 20,
        "num_images": 1702,
        "model": "RN101",
        "method": "waffle_clip_random_descriptors",
        "repetitions": 7,
        "descriptors_per_class": 30
    },
    "Stanford_Cars": {
        "accuracy_top1": 0.6103003087285995,
        "std_top1": 0.0008294688757744184,
        "accuracy_top5": 0.9238878753859108,
        "std_top5": 0.0008937509965518585,
        "num_classes": 196,
        "num_images": 8144,
        "model": "RN101",
        "method": "waffle_clip_random_descriptors",
        "repetitions": 7,
        "descriptors_per_class": 30
    },
    "Stanford_Dogs": {
        "accuracy_top1": 0.5655004859086492,
        "std_top1": 0.002015203241334077,
        "accuracy_top5": 0.8677564903512426,
        "std_top5": 0.0010935974229242433,
        "num_classes": 120,
        "num_images": 20580,
        "model": "RN101",
        "method": "waffle_clip_random_descriptors",
        "repetitions": 7,
        "descriptors_per_class": 30
    }
}