{
    "Birdsnap": {
        "accuracy_top1": 0.397874852420307,
        "std_top1": 0.010985096635475653,
        "accuracy_top5": 0.8628773823579019,
        "std_top5": 0.004698393751790893,
        "num_classes": 15,
        "num_images": 847,
        "model": "RN50",
        "method": "waffle_clip_random_descriptors",
        "repetitions": 7,
        "descriptors_per_class": 30
    },
    "Caltech_256": {
        "accuracy_top1": 0.7919476870370458,
        "std_top1": 0.0009346827179797253,
        "accuracy_top5": 0.9219832998053665,
        "std_top5": 0.00023652590134507374,
        "num_classes": 257,
        "num_images": 30607,
        "model": "RN50",
        "method": "waffle_clip_random_descriptors",
        "repetitions": 7,
        "descriptors_per_class": 30
    },
    "CompCars": {
        "accuracy_top1": 0.0016830894542343208,
        "std_top1": 5.250439237424708e-05,
        "accuracy_top5": 0.009248548405708995,
        "std_top5": 0.00037275270982790957,
        "num_classes": 663,
        "num_images": 50757,
        "model": "RN50",
        "method": "waffle_clip_random_descriptors",
        "repetitions": 7,
        "descriptors_per_class": 30
    },
    "CUB_200_2011": {
        "accuracy_top1": 0.4678462432785933,
        "std_top1": 0.00200803077139589,
        "accuracy_top5": 0.8122729254468827,
        "std_top5": 0.0012990605101475536,
        "num_classes": 200,
        "num_images": 11796,
        "model": "RN50",
        "method": "waffle_clip_random_descriptors",
        "repetitions": 7,
        "descriptors_per_class": 30
    },
    "DTD": {
        "accuracy_top1": 0.39609929078014183,
        "std_top1": 0.0029456112989071173,
        "accuracy_top5": 0.6928318135764943,
        "std_top5": 0.004336710163096547,
        "num_classes": 47,
        "num_images": 5640,
        "model": "RN50",
        "method": "waffle_clip_random_descriptors",
        "repetitions": 7,
        "descriptors_per_class": 30
    },
    "FGVC_Aircraft": {
        "accuracy_top1": 0.21542154215421538,
        "std_top1": 0.0025153488065014283,
        "accuracy_top5": 0.5551412284085552,
        "std_top5": 0.006666020214209593,
        "num_classes": 70,
        "num_images": 3333,
        "model": "RN50",
        "method": "waffle_clip_random_descriptors",
        "repetitions": 7,
        "descriptors_per_class": 30
    },
    "Flavia_Leaves": {
        "accuracy_top1": 0.12672569027611044,
        "std_top1": 0.004745314616099011,
        "accuracy_top5": 0.33740996398559425,
        "std_top5": 0.006226134884671293,
        "num_classes": 32,
        "num_images": 1904,
        "model": "RN50",
        "method": "waffle_clip_random_descriptors",
        "repetitions": 7,
        "descriptors_per_class": 30
    },
    "food-101": {
        "accuracy_top1": 0.7601711456859972,
        "std_top1": 0.0008936426446557137,
        "accuracy_top5": 0.9424384724186705,
        "std_top5": 0.0003483168672936938,
        "num_classes": 101,
        "num_images": 101000,
        "model": "RN50",
        "method": "waffle_clip_random_descriptors",
        "repetitions": 7,
        "descriptors_per_class": 30
    },
    "FoodX-251": {
        "accuracy_top1": 0.5912718263893851,
        "std_top1": 0.0015577105432975542,
        "accuracy_top5": 0.8503894804545128,
        "std_top5": 0.0010969505482696749,
        "num_classes": 251,
        "num_images": 11994,
        "model": "RN50",
        "method": "waffle_clip_random_descriptors",
        "repetitions": 7,
        "descriptors_per_class": 30
    },
    "Leaf": {
        "accuracy_top1": 0.2667985039336228,
        "std_top1": 0.009319702866532657,
        "accuracy_top5": 0.7379734319246809,
        "std_top5": 0.009925852408989157,
        "num_classes": 10,
        "num_images": 3323,
        "model": "RN50",
        "method": "waffle_clip_random_descriptors",
        "repetitions": 7,
        "descriptors_per_class": 30
    },
    "Leeds_Butterfly": {
        "accuracy_top1": 0.6766826923076922,
        "std_top1": 0.0041137185957111685,
        "accuracy_top5": 0.901614010989011,
        "std_top5": 0.0021718939973683735,
        "num_classes": 10,
        "num_images": 832,
        "model": "RN50",
        "method": "waffle_clip_random_descriptors",
        "repetitions": 7,
        "descriptors_per_class": 30
    },
    "LZUPSD": {
        "accuracy_top1": 0.015346975088967969,
        "std_top1": 0.0007612575337259112,
        "accuracy_top5": 0.06780630401626843,
        "std_top5": 0.002727780380189981,
        "num_classes": 88,
        "num_images": 4496,
        "model": "RN50",
        "method": "waffle_clip_random_descriptors",
        "repetitions": 7,
        "descriptors_per_class": 30
    },
    "MIT_Indoor_Scenes": {
        "accuracy_top1": 0.7147982391111355,
        "std_top1": 0.005060744053243467,
        "accuracy_top5": 0.955511014707632,
        "std_top5": 0.0015156268119663105,
        "num_classes": 67,
        "num_images": 15609,
        "model": "RN50",
        "method": "waffle_clip_random_descriptors",
        "repetitions": 7,
        "descriptors_per_class": 30
    },
    "MNIST_Butterfly": {
        "accuracy_top1": 0.2991428571428571,
        "std_top1": 0.005111012519999524,
        "accuracy_top5": 0.4717142857142857,
        "std_top5": 0.003917516914514867,
        "num_classes": 100,
        "num_images": 500,
        "model": "RN50",
        "method": "waffle_clip_random_descriptors",
        "repetitions": 7,
        "descriptors_per_class": 30
    },
    "NA_Fish": {
        "accuracy_top1": 0.4848571428571428,
        "std_top1": 0.01148263227841597,
        "accuracy_top5": 0.9744761904761905,
        "std_top5": 0.0013487394149998594,
        "num_classes": 9,
        "num_images": 9000,
        "model": "RN50",
        "method": "waffle_clip_random_descriptors",
        "repetitions": 7,
        "descriptors_per_class": 30
    },
    "Oxford-IIIT_Pet_Dataset": {
        "accuracy_top1": 0.7929161108211046,
        "std_top1": 0.0023545946441835513,
        "accuracy_top5": 0.9427334068016162,
        "std_top5": 0.0021911214069574017,
        "num_classes": 37,
        "num_images": 7389,
        "model": "RN50",
        "method": "waffle_clip_random_descriptors",
        "repetitions": 7,
        "descriptors_per_class": 30
    },
    "Oxford_Flowers_192": {
        "accuracy_top1": 0.6355221795319596,
        "std_top1": 0.007604450246970742,
        "accuracy_top5": 0.8403772266852952,
        "std_top5": 0.002343068086796848,
        "num_classes": 102,
        "num_images": 818,
        "model": "RN50",
        "method": "waffle_clip_random_descriptors",
        "repetitions": 7,
        "descriptors_per_class": 30
    },
    "SlowSketch": {
        "accuracy_top1": 0.5980359241228808,
        "std_top1": 0.011689568815547216,
        "accuracy_top5": 0.8715796541883497,
        "std_top5": 0.004538695932380636,
        "num_classes": 20,
        "num_images": 1702,
        "model": "RN50",
        "method": "waffle_clip_random_descriptors",
        "repetitions": 7,
        "descriptors_per_class": 30
    },
    "Stanford_Cars": {
        "accuracy_top1": 0.5398189727757507,
        "std_top1": 0.0017411107484812788,
        "accuracy_top5": 0.8892436149312377,
        "std_top5": 0.0010336036951063788,
        "num_classes": 196,
        "num_images": 8144,
        "model": "RN50",
        "method": "waffle_clip_random_descriptors",
        "repetitions": 7,
        "descriptors_per_class": 30
    },
    "Stanford_Dogs": {
        "accuracy_top1": 0.5435374149659864,
        "std_top1": 0.0015044122796177214,
        "accuracy_top5": 0.8458697764820214,
        "std_top5": 0.001066155520485183,
        "num_classes": 120,
        "num_images": 20580,
        "model": "RN50",
        "method": "waffle_clip_random_descriptors",
        "repetitions": 7,
        "descriptors_per_class": 30
    }
}