{
    "Birdsnap": {
        "accuracy_top1": 0.517793894417271,
        "std_top1": 0.01572455661434532,
        "accuracy_top5": 0.9465339854950245,
        "std_top5": 0.0038755693348207325,
        "num_classes": 15,
        "num_images": 847,
        "model": "ViT-L/14",
        "method": "waffle_clip_random_descriptors",
        "repetitions": 7,
        "descriptors_per_class": 30
    },
    "Caltech_256": {
        "accuracy_top1": 0.8869586322456582,
        "std_top1": 0.0008927924966910662,
        "accuracy_top5": 0.9475843527857772,
        "std_top5": 0.0006897119318947952,
        "num_classes": 257,
        "num_images": 30607,
        "model": "ViT-L/14",
        "method": "waffle_clip_random_descriptors",
        "repetitions": 7,
        "descriptors_per_class": 30
    },
    "CompCars": {
        "accuracy_top1": 0.002015204095705307,
        "std_top1": 0.00014117614971035047,
        "accuracy_top5": 0.010830314748986065,
        "std_top5": 0.00034346503221448525,
        "num_classes": 663,
        "num_images": 50757,
        "model": "ViT-L/14",
        "method": "waffle_clip_random_descriptors",
        "repetitions": 7,
        "descriptors_per_class": 30
    },
    "CUB_200_2011": {
        "accuracy_top1": 0.6183815336918084,
        "std_top1": 0.0014821566579355642,
        "accuracy_top5": 0.9097151576805697,
        "std_top5": 0.0004002013186517986,
        "num_classes": 200,
        "num_images": 11796,
        "model": "ViT-L/14",
        "method": "waffle_clip_random_descriptors",
        "repetitions": 7,
        "descriptors_per_class": 30
    },
    "DTD": {
        "accuracy_top1": 0.527710233029382,
        "std_top1": 0.00294822381498511,
        "accuracy_top5": 0.7800405268490376,
        "std_top5": 0.0029224326447529754,
        "num_classes": 47,
        "num_images": 5640,
        "model": "ViT-L/14",
        "method": "waffle_clip_random_descriptors",
        "repetitions": 7,
        "descriptors_per_class": 30
    },
    "FGVC_Aircraft": {
        "accuracy_top1": 0.45381681025245385,
        "std_top1": 0.0031174140064237662,
        "accuracy_top5": 0.8504136127898505,
        "std_top5": 0.002973854315494688,
        "num_classes": 70,
        "num_images": 3333,
        "model": "ViT-L/14",
        "method": "waffle_clip_random_descriptors",
        "repetitions": 7,
        "descriptors_per_class": 30
    },
    "Flavia_Leaves": {
        "accuracy_top1": 0.16686674669867946,
        "std_top1": 0.006558155277134506,
        "accuracy_top5": 0.44500300120048014,
        "std_top5": 0.005354010436648046,
        "num_classes": 32,
        "num_images": 1904,
        "model": "ViT-L/14",
        "method": "waffle_clip_random_descriptors",
        "repetitions": 7,
        "descriptors_per_class": 30
    },
    "food-101": {
        "accuracy_top1": 0.9107906647807639,
        "std_top1": 0.0009159112106478609,
        "accuracy_top5": 0.9865205091937765,
        "std_top5": 9.71331525510009e-05,
        "num_classes": 101,
        "num_images": 101000,
        "model": "ViT-L/14",
        "method": "waffle_clip_random_descriptors",
        "repetitions": 7,
        "descriptors_per_class": 30
    },
    "FoodX-251": {
        "accuracy_top1": 0.7347721479787512,
        "std_top1": 0.001295807214936888,
        "accuracy_top5": 0.9350985016317682,
        "std_top5": 0.0006268704526997044,
        "num_classes": 251,
        "num_images": 11994,
        "model": "ViT-L/14",
        "method": "waffle_clip_random_descriptors",
        "repetitions": 7,
        "descriptors_per_class": 30
    },
    "Leaf": {
        "accuracy_top1": 0.28365074588366795,
        "std_top1": 0.010189725532650263,
        "accuracy_top5": 0.657710330596277,
        "std_top5": 0.013100442291658574,
        "num_classes": 10,
        "num_images": 3323,
        "model": "ViT-L/14",
        "method": "waffle_clip_random_descriptors",
        "repetitions": 7,
        "descriptors_per_class": 30
    },
    "Leeds_Butterfly": {
        "accuracy_top1": 0.6665521978021978,
        "std_top1": 0.012422113494289788,
        "accuracy_top5": 0.9902129120879121,
        "std_top5": 0.001001193663263272,
        "num_classes": 10,
        "num_images": 832,
        "model": "ViT-L/14",
        "method": "waffle_clip_random_descriptors",
        "repetitions": 7,
        "descriptors_per_class": 30
    },
    "LZUPSD": {
        "accuracy_top1": 0.008547280122013218,
        "std_top1": 0.001217415102991104,
        "accuracy_top5": 0.07352567361464159,
        "std_top5": 0.001405989253294205,
        "num_classes": 88,
        "num_images": 4496,
        "model": "ViT-L/14",
        "method": "waffle_clip_random_descriptors",
        "repetitions": 7,
        "descriptors_per_class": 30
    },
    "MIT_Indoor_Scenes": {
        "accuracy_top1": 0.8222911690142135,
        "std_top1": 0.001160999122037601,
        "accuracy_top5": 0.9801579674729781,
        "std_top5": 0.0007237787327738435,
        "num_classes": 67,
        "num_images": 15609,
        "model": "ViT-L/14",
        "method": "waffle_clip_random_descriptors",
        "repetitions": 7,
        "descriptors_per_class": 30
    },
    "MNIST_Butterfly": {
        "accuracy_top1": 0.3762857142857143,
        "std_top1": 0.005598833697790127,
        "accuracy_top5": 0.5837142857142856,
        "std_top5": 0.0037688302737922657,
        "num_classes": 100,
        "num_images": 500,
        "model": "ViT-L/14",
        "method": "waffle_clip_random_descriptors",
        "repetitions": 7,
        "descriptors_per_class": 30
    },
    "NA_Fish": {
        "accuracy_top1": 0.7216507936507935,
        "std_top1": 0.008449753671712716,
        "accuracy_top5": 0.996984126984127,
        "std_top5": 0.00042175651605035476,
        "num_classes": 9,
        "num_images": 9000,
        "model": "ViT-L/14",
        "method": "waffle_clip_random_descriptors",
        "repetitions": 7,
        "descriptors_per_class": 30
    },
    "Oxford-IIIT_Pet_Dataset": {
        "accuracy_top1": 0.8902615857548865,
        "std_top1": 0.0019777216097356244,
        "accuracy_top5": 0.9916091487346056,
        "std_top5": 0.001553212131422765,
        "num_classes": 37,
        "num_images": 7389,
        "model": "ViT-L/14",
        "method": "waffle_clip_random_descriptors",
        "repetitions": 7,
        "descriptors_per_class": 30
    },
    "Oxford_Flowers_192": {
        "accuracy_top1": 0.7806496681802305,
        "std_top1": 0.006089974074105028,
        "accuracy_top5": 0.9070904645476773,
        "std_top5": 0.0013069009384470988,
        "num_classes": 102,
        "num_images": 818,
        "model": "ViT-L/14",
        "method": "waffle_clip_random_descriptors",
        "repetitions": 7,
        "descriptors_per_class": 30
    },
    "SlowSketch": {
        "accuracy_top1": 0.848917240221588,
        "std_top1": 0.003503212481905171,
        "accuracy_top5": 0.9625650495215712,
        "std_top5": 0.0018768406727377716,
        "num_classes": 20,
        "num_images": 1702,
        "model": "ViT-L/14",
        "method": "waffle_clip_random_descriptors",
        "repetitions": 7,
        "descriptors_per_class": 30
    },
    "Stanford_Cars": {
        "accuracy_top1": 0.767120404153803,
        "std_top1": 0.0011664699739367544,
        "accuracy_top5": 0.9762840303115353,
        "std_top5": 0.0007438049062276932,
        "num_classes": 196,
        "num_images": 8144,
        "model": "ViT-L/14",
        "method": "waffle_clip_random_descriptors",
        "repetitions": 7,
        "descriptors_per_class": 30
    },
    "Stanford_Dogs": {
        "accuracy_top1": 0.7303345828127169,
        "std_top1": 0.0011161445983286704,
        "accuracy_top5": 0.9417326114119116,
        "std_top5": 0.000615962530930982,
        "num_classes": 120,
        "num_images": 20580,
        "model": "ViT-L/14",
        "method": "waffle_clip_random_descriptors",