{
    "Birdsnap": {
        "accuracy_top1": 0.4218249283184348,
        "std_top1": 0.006549667005885509,
        "accuracy_top5": 0.8917186709394501,
        "std_top5": 0.0037714082939784032,
        "num_classes": 15,
        "num_images": 847,
        "model": "ViT-B/16",
        "method": "waffle_clip_random_descriptors",
        "repetitions": 7,
        "descriptors_per_class": 30
    },
    "Caltech_256": {
        "accuracy_top1": 0.8562467036018837,
        "std_top1": 0.00045286451639343976,
        "accuracy_top5": 0.9486905423129163,
        "std_top5": 0.0006181530137790619,
        "num_classes": 257,
        "num_images": 30607,
        "model": "ViT-B/16",
        "method": "waffle_clip_random_descriptors",
        "repetitions": 7,
        "descriptors_per_class": 30
    },
    "CompCars": {
        "accuracy_top1": 0.0020067605031255363,
        "std_top1": 8.452969142992921e-05,
        "accuracy_top5": 0.007613305976093374,
        "std_top5": 0.0001521930074061089,
        "num_classes": 663,
        "num_images": 50757,
        "model": "ViT-B/16",
        "method": "waffle_clip_random_descriptors",
        "repetitions": 7,
        "descriptors_per_class": 30
    },
    "CUB_200_2011": {
        "accuracy_top1": 0.55558785060311,
        "std_top1": 0.0013704839217588117,
        "accuracy_top5": 0.8490166158019666,
        "std_top5": 0.001118252454923099,
        "num_classes": 200,
        "num_images": 11796,
        "model": "ViT-B/16",
        "method": "waffle_clip_random_descriptors",
        "repetitions": 7,
        "descriptors_per_class": 30
    },
    "DTD": {
        "accuracy_top1": 0.43503039513677816,
        "std_top1": 0.0011717359175501926,
        "accuracy_top5": 0.7254305977710234,
        "std_top5": 0.0035924742961482166,
        "num_classes": 47,
        "num_images": 5640,
        "model": "ViT-B/16",
        "method": "waffle_clip_random_descriptors",
        "repetitions": 7,
        "descriptors_per_class": 30
    },
    "FGVC_Aircraft": {
        "accuracy_top1": 0.3353049590673353,
        "std_top1": 0.003150242137073057,
        "accuracy_top5": 0.7356735673567357,
        "std_top5": 0.005025582514971447,
        "num_classes": 70,
        "num_images": 3333,
        "model": "ViT-B/16",
        "method": "waffle_clip_random_descriptors",
        "repetitions": 7,
        "descriptors_per_class": 30
    },
    "Flavia_Leaves": {
        "accuracy_top1": 0.09153661464585836,
        "std_top1": 0.008159319760080367,
        "accuracy_top5": 0.3872298919567827,
        "std_top5": 0.004964470044919939,
        "num_classes": 32,
        "num_images": 1904,
        "model": "ViT-B/16",
        "method": "waffle_clip_random_descriptors",
        "repetitions": 7,
        "descriptors_per_class": 30
    },
    "food-101": {
        "accuracy_top1": 0.8622956152758132,
        "std_top1": 0.0004820188454143006,
        "accuracy_top5": 0.976052333804809,
        "std_top5": 0.00014490804497726404,
        "num_classes": 101,
        "num_images": 101000,
        "model": "ViT-B/16",
        "method": "waffle_clip_random_descriptors",
        "repetitions": 7,
        "descriptors_per_class": 30
    },
    "FoodX-251": {
        "accuracy_top1": 0.6743848114533456,
        "std_top1": 0.000863999194040932,
        "accuracy_top5": 0.9063222087234093,
        "std_top5": 0.0005270408273145594,
        "num_classes": 251,
        "num_images": 11994,
        "model": "ViT-B/16",
        "method": "waffle_clip_random_descriptors",
        "repetitions": 7,
        "descriptors_per_class": 30
    },
    "Leaf": {
        "accuracy_top1": 0.16254675207428745,
        "std_top1": 0.014624072286751453,
        "accuracy_top5": 0.6461888998753278,
        "std_top5": 0.008013302303207766,
        "num_classes": 10,
        "num_images": 3323,
        "model": "ViT-B/16",
        "method": "waffle_clip_random_descriptors",
        "repetitions": 7,
        "descriptors_per_class": 30
    },
    "Leeds_Butterfly": {
        "accuracy_top1": 0.5822458791208792,
        "std_top1": 0.006419958480714262,
        "accuracy_top5": 0.8792925824175823,
        "std_top5": 0.0005947976674343377,
        "num_classes": 10,
        "num_images": 832,
        "model": "ViT-B/16",
        "method": "waffle_clip_random_descriptors",
        "repetitions": 7,
        "descriptors_per_class": 30
    },
    "LZUPSD": {
        "accuracy_top1": 0.007816471784443314,
        "std_top1": 0.0006975882816503608,
        "accuracy_top5": 0.058909506863243526,
        "std_top5": 0.0035635384786855844,
        "num_classes": 88,
        "num_images": 4496,
        "model": "ViT-B/16",
        "method": "waffle_clip_random_descriptors",
        "repetitions": 7,
        "descriptors_per_class": 30
    },
    "MIT_Indoor_Scenes": {
        "accuracy_top1": 0.7796326295269213,
        "std_top1": 0.004809093585646229,
        "accuracy_top5": 0.974556803309446,
        "std_top5": 0.0011431863130159493,
        "num_classes": 67,
        "num_images": 15609,
        "model": "ViT-B/16",
        "method": "waffle_clip_random_descriptors",
        "repetitions": 7,
        "descriptors_per_class": 30
    },
    "MNIST_Butterfly": {
        "accuracy_top1": 0.29542857142857143,
        "std_top1": 0.006020373573058713,
        "accuracy_top5": 0.49371428571428577,
        "std_top5": 0.002710523708715756,
        "num_classes": 100,
        "num_images": 500,
        "model": "ViT-B/16",
        "method": "waffle_clip_random_descriptors",
        "repetitions": 7,
        "descriptors_per_class": 30
    },
    "NA_Fish": {
        "accuracy_top1": 0.6235238095238096,
        "std_top1": 0.00997522756777881,
        "accuracy_top5": 0.9835714285714285,
        "std_top5": 0.0016886680843845436,
        "num_classes": 9,
        "num_images": 9000,
        "model": "ViT-B/16",
        "method": "waffle_clip_random_descriptors",
        "repetitions": 7,
        "descriptors_per_class": 30
    },
    "Oxford-IIIT_Pet_Dataset": {
        "accuracy_top1": 0.8372870869825804,
        "std_top1": 0.0027892925607818013,
        "accuracy_top5": 0.9657212458674093,
        "std_top5": 0.000467221389849572,
        "num_classes": 37,
        "num_images": 7389,
        "model": "ViT-B/16",
        "method": "waffle_clip_random_descriptors",
        "repetitions": 7,
        "descriptors_per_class": 30
    },
    "Oxford_Flowers_192": {
        "accuracy_top1": 0.6968215158924205,
        "std_top1": 0.0035790956220606573,
        "accuracy_top5": 0.8562696472231925,
        "std_top5": 0.0020515787852725792,
        "num_classes": 102,
        "num_images": 818,
        "model": "ViT-B/16",
        "method": "waffle_clip_random_descriptors",
        "repetitions": 7,
        "descriptors_per_class": 30
    },
    "SlowSketch": {
        "accuracy_top1": 0.7648145039449388,
        "std_top1": 0.006325816243551048,
        "accuracy_top5": 0.9357898270941749,
        "std_top5": 0.0038937094190845023,
        "num_classes": 20,
        "num_images": 1702,
        "model": "ViT-B/16",
        "method": "waffle_clip_random_descriptors",
        "repetitions": 7,
        "descriptors_per_class": 30
    },
    "Stanford_Cars": {
        "accuracy_top1": 0.6428571428571429,
        "std_top1": 0.0030636742835561167,
        "accuracy_top5": 0.9405522031995509,
        "std_top5": 0.0008235121101814032,
        "num_classes": 196,
        "num_images": 8144,
        "model": "ViT-B/16",
        "method": "waffle_clip_random_descriptors",
        "repetitions": 7,
        "descriptors_per_class": 30
    },
    "Stanford_Dogs": {
        "accuracy_top1": 0.6263709565458837,
        "std_top1": 0.0019978409303006467,
        "accuracy_top5": 0.9061849229487713,
        "std_top5": 0.0007418048039646134,
        "num_classes": 120,
        "num_images": 20580,
        "model": "ViT-B/16",
        "method": "waffle_clip_random_descriptors",