{
    "Birdsnap": {
        "accuracy_mean": 0.3929836397368865,
        "accuracy_std": 0.007943269920267573,
        "top5_mean": 0.8603474447630292,
        "top5_std": 0.0018629382724215005,
        "num_classes": 15,
        "num_images": 847,
        "waffle_count": 15,
        "reps": 7
    },
    "CUB_200_2011": {
        "accuracy_mean": 0.5213510633144407,
        "accuracy_std": 0.001198403030262369,
        "top5_mean": 0.8322797074068691,
        "top5_std": 0.0009967581428839039,
        "num_classes": 200,
        "num_images": 11796,
        "waffle_count": 15,
        "reps": 7
    },
    "FGVC_Aircraft": {
        "accuracy_mean": 0.24979640821224983,
        "accuracy_std": 0.002753825966175313,
        "top5_mean": 0.6393639363936394,
        "top5_std": 0.0028598563829432522,
        "num_classes": 70,
        "num_images": 3333,
        "waffle_count": 15,
        "reps": 7
    }
}