{
    "Birdsnap": {
        "accuracy_top1": 0.4213189407994603,
        "std_top1": 0.01283165903296355,
        "accuracy_top5": 0.8898633833698767,
        "std_top5": 0.004835645534434618,
        "num_classes": 15,
        "num_images": 847,
        "model": "RN50x4",
        "method": "waffle_clip_random_descriptors",
        "repetitions": 7,
        "descriptors_per_class": 30
    },
    "Caltech_256": {
        "accuracy_top1": 0.8393691452468858,
        "std_top1": 0.0013724414786645367,
        "accuracy_top5": 0.9363217564609403,
        "std_top5": 0.0006511073747825105,
        "num_classes": 257,
        "num_images": 30607,
        "model": "RN50x4",
        "method": "waffle_clip_random_descriptors",
        "repetitions": 7,
        "descriptors_per_class": 30
    },
    "CompCars": {
        "accuracy_top1": 0.002060236589464085,
        "std_top1": 0.00010732186673724168,
        "accuracy_top5": 0.010706475391149427,
        "std_top5": 0.00036325988717451327,
        "num_classes": 663,
        "num_images": 50757,
        "model": "RN50x4",
        "method": "waffle_clip_random_descriptors",
        "repetitions": 7,
        "descriptors_per_class": 30
    },
    "CUB_200_2011": {
        "accuracy_top1": 0.5245967155936636,
        "std_top1": 0.004755243561358905,
        "accuracy_top5": 0.8582933682119848,
        "std_top5": 0.0013869726592278463,
        "num_classes": 200,
        "num_images": 11796,
        "model": "RN50x4",
        "method": "waffle_clip_random_descriptors",
        "repetitions": 7,
        "descriptors_per_class": 30
    },
    "DTD": {
        "accuracy_top1": 0.4477710233029382,
        "std_top1": 0.0032787479483858987,
        "accuracy_top5": 0.7416413373860182,
        "std_top5": 0.004263151955414239,
        "num_classes": 47,
        "num_images": 5640,
        "model": "RN50x4",
        "method": "waffle_clip_random_descriptors",
        "repetitions": 7,
        "descriptors_per_class": 30
    },
    "FGVC_Aircraft": {
        "accuracy_top1": 0.2534396296772535,
        "std_top1": 0.007146428357349905,
        "accuracy_top5": 0.6340491191976341,
        "std_top5": 0.010916798393617656,
        "num_classes": 70,
        "num_images": 3333,
        "model": "RN50x4",
        "method": "waffle_clip_random_descriptors",
        "repetitions": 7,
        "descriptors_per_class": 30
    },
    "Flavia_Leaves": {
        "accuracy_top1": 0.16206482593037214,
        "std_top1": 0.004190948392487673,
        "accuracy_top5": 0.40501200480192073,
        "std_top5": 0.007104514143917056,
        "num_classes": 32,
        "num_images": 1904,
        "model": "RN50x4",
        "method": "waffle_clip_random_descriptors",
        "repetitions": 7,
        "descriptors_per_class": 30
    },
    "food-101": {
        "accuracy_top1": 0.8368316831683167,
        "std_top1": 0.0018264346226339705,
        "accuracy_top5": 0.9688486562942007,
        "std_top5": 0.000293458698351756,
        "num_classes": 101,
        "num_images": 101000,
        "model": "RN50x4",
        "method": "waffle_clip_random_descriptors",
        "repetitions": 7,
        "descriptors_per_class": 30
    },
    "FoodX-251": {
        "accuracy_top1": 0.6443340717978037,
        "std_top1": 0.003227079105624425,
        "accuracy_top5": 0.8898973296171897,
        "std_top5": 0.0008900422445636781,
        "num_classes": 251,
        "num_images": 11994,
        "model": "RN50x4",
        "method": "waffle_clip_random_descriptors",
        "repetitions": 7,
        "descriptors_per_class": 30
    },
    "Leaf": {
        "accuracy_top1": 0.13284037659601908,
        "std_top1": 0.004647738876828881,
        "accuracy_top5": 0.6433515326082285,
        "std_top5": 0.005451143700796568,
        "num_classes": 10,
        "num_images": 3323,
        "model": "RN50x4",
        "method": "waffle_clip_random_descriptors",
        "repetitions": 7,
        "descriptors_per_class": 30
    },
    "Leeds_Butterfly": {
        "accuracy_top1": 0.5963255494505495,
        "std_top1": 0.010986327797421973,
        "accuracy_top5": 0.8573145604395604,
        "std_top5": 0.007373252250543925,
        "num_classes": 10,
        "num_images": 832,
        "model": "RN50x4",
        "method": "waffle_clip_random_descriptors",
        "repetitions": 7,
        "descriptors_per_class": 30
    },
    "LZUPSD": {
        "accuracy_top1": 0.011152770716827656,
        "std_top1": 0.0010728230183105066,
        "accuracy_top5": 0.057511438739196744,
        "std_top5": 0.0028702566829273547,
        "num_classes": 88,
        "num_images": 4496,
        "model": "RN50x4",
        "method": "waffle_clip_random_descriptors",
        "repetitions": 7,
        "descriptors_per_class": 30
    },
    "MIT_Indoor_Scenes": {
        "accuracy_top1": 0.7873388063662905,
        "std_top1": 0.005353201268384641,
        "accuracy_top5": 0.9732022734136899,
        "std_top5": 0.0008223775610860306,
        "num_classes": 67,
        "num_images": 15609,
        "model": "RN50x4",
        "method": "waffle_clip_random_descriptors",
        "repetitions": 7,
        "descriptors_per_class": 30
    },
    "MNIST_Butterfly": {
        "accuracy_top1": 0.30028571428571427,
        "std_top1": 0.003282607226593162,
        "accuracy_top5": 0.44342857142857145,
        "std_top5": 0.004237827706911812,
        "num_classes": 100,
        "num_images": 500,
        "model": "RN50x4",
        "method": "waffle_clip_random_descriptors",
        "repetitions": 7,
        "descriptors_per_class": 30
    },
    "NA_Fish": {
        "accuracy_top1": 0.6506190476190475,
        "std_top1": 0.013980694315914787,
        "accuracy_top5": 0.9870634920634921,
        "std_top5": 0.0025133556079859993,
        "num_classes": 9,
        "num_images": 9000,
        "model": "RN50x4",
        "method": "waffle_clip_random_descriptors",
        "repetitions": 7,
        "descriptors_per_class": 30
    },
    "Oxford-IIIT_Pet_Dataset": {
        "accuracy_top1": 0.8288189006824817,
        "std_top1": 0.0051739392328140985,
        "accuracy_top5": 0.9637878699998066,
        "std_top5": 0.0008766532528085916,
        "num_classes": 37,
        "num_images": 7389,
        "model": "RN50x4",
        "method": "waffle_clip_random_descriptors",
        "repetitions": 7,
        "descriptors_per_class": 30
    },
    "Oxford_Flowers_192": {
        "accuracy_top1": 0.6634648969612293,
        "std_top1": 0.0033774152297963225,
        "accuracy_top5": 0.862906042612644,
        "std_top5": 0.003721144909651146,
        "num_classes": 102,
        "num_images": 818,
        "model": "RN50x4",
        "method": "waffle_clip_random_descriptors",
        "repetitions": 7,
        "descriptors_per_class": 30
    },
    "SlowSketch": {
        "accuracy_top1": 0.7372838677186503,
        "std_top1": 0.012342136229538456,
        "accuracy_top5": 0.9251300990431426,
        "std_top5": 0.005677869573707485,
        "num_classes": 20,
        "num_images": 1702,
        "model": "RN50x4",
        "method": "waffle_clip_random_descriptors",
        "repetitions": 7,
        "descriptors_per_class": 30
    },
    "Stanford_Cars": {
        "accuracy_top1": 0.6579076620825147,
        "std_top1": 0.002703766196257636,
        "accuracy_top5": 0.9497965197866967,
        "std_top5": 0.0003108343591543084,
        "num_classes": 196,
        "num_images": 8144,
        "model": "RN50x4",
        "method": "waffle_clip_random_descriptors",
        "repetitions": 7,
        "descriptors_per_class": 30
    },
    "Stanford_Dogs": {
        "accuracy_top1": 0.6153061224489795,
        "std_top1": 0.002253065718050456,
        "accuracy_top5": 0.8980771900596973,
        "std_top5": 0.0009443062594609572,
        "num_classes": 120,
        "num_images": 20580,
        "model": "RN50x4",
        "method": "waffle_clip_random_descriptors",
        "repetitions": 7,