{
    "Birdsnap": {
        "accuracy_top1": 0.39787485242030696,
        "accuracy_top5": 0.8488783943329398,
        "num_classes": 15,
        "num_images": 847,
        "method": "vanilla_clip",
        "template": "a photo of a {class}"
    },
    "Caltech_256": {
        "accuracy_top1": 0.7975299768026922,
        "accuracy_top5": 0.9176005488940439,
        "num_classes": 257,
        "num_images": 30607,
        "method": "vanilla_clip",
        "template": "a photo of a {class}"
    },
    "CompCars": {
        "accuracy_top1": 0.0031522745631144475,
        "accuracy_top5": 0.011624012451484525,
        "num_classes": 663,
        "num_images": 50757,
        "method": "vanilla_clip",
        "template": "a photo of a {class}"
    },
    "CUB_200_2011": {
        "accuracy_top1": 0.5185656154628687,
        "accuracy_top5": 0.8286707358426585,
        "num_classes": 200,
        "num_images": 11796,
        "method": "vanilla_clip",
        "template": "a photo of a {class}"
    },
    "DTD": {
        "accuracy_top1": 0.43351063829787234,
        "accuracy_top5": 0.7336879432624114,
        "num_classes": 47,
        "num_images": 5640,
        "method": "vanilla_clip",
        "template": "a photo of a {class}"
    },
    "FGVC_Aircraft": {
        "accuracy_top1": 0.23552355235523553,
        "accuracy_top5": 0.6204620462046204,
        "num_classes": 70,
        "num_images": 3333,
        "method": "vanilla_clip",
        "template": "a photo of a {class}"
    },
    "Flavia_Leaves": {
        "accuracy_top1": 0.19327731092436976,
        "accuracy_top5": 0.3403361344537815,
        "num_classes": 32,
        "num_images": 1904,
        "method": "vanilla_clip",
        "template": "a photo of a {class}"
    },
    "food-101": {
        "accuracy_top1": 0.7884554455445545,
        "accuracy_top5": 0.9525148514851485,
        "num_classes": 101,
        "num_images": 101000,
        "method": "vanilla_clip",
        "template": "a photo of a {class}"
    },
    "FoodX-251": {
        "accuracy_top1": 0.6185592796398199,
        "accuracy_top5": 0.8705185926296481,
        "num_classes": 251,
        "num_images": 11994,
        "method": "vanilla_clip",
        "template": "a photo of a {class}"
    },
    "Leaf": {
        "accuracy_top1": 0.24225097803189888,
        "accuracy_top5": 0.6412879927776106,
        "num_classes": 10,
        "num_images": 3323,
        "method": "vanilla_clip",
        "template": "a photo of a {class}"
    },
    "Leeds_Butterfly": {
        "accuracy_top1": 0.5348557692307693,
        "accuracy_top5": 0.8557692307692307,
        "num_classes": 10,
        "num_images": 832,
        "method": "vanilla_clip",
        "template": "a photo of a {class}"
    },
    "LZUPSD": {
        "accuracy_top1": 0.013567615658362989,
        "accuracy_top5": 0.07006227758007118,
        "num_classes": 88,
        "num_images": 4496,
        "method": "vanilla_clip",
        "template": "a photo of a {class}"
    },
    "MIT_Indoor_Scenes": {
        "accuracy_top1": 0.7397655198923698,
        "accuracy_top5": 0.9577167019027484,
        "num_classes": 67,
        "num_images": 15609,
        "method": "vanilla_clip",
        "template": "a photo of a {class}"
    },
    "MNIST_Butterfly": {
        "accuracy_top1": 0.31,
        "accuracy_top5": 0.472,
        "num_classes": 100,
        "num_images": 500,
        "method": "vanilla_clip",
        "template": "a photo of a {class}"
    },
    "NA_Fish": {
        "accuracy_top1": 0.5032222222222222,
        "accuracy_top5": 0.9488888888888889,
        "num_classes": 9,
        "num_images": 9000,
        "method": "vanilla_clip",
        "template": "a photo of a {class}"
    },
    "Oxford-IIIT_Pet_Dataset": {
        "accuracy_top1": 0.7888753552578157,
        "accuracy_top5": 0.9527676275544729,
        "num_classes": 37,
        "num_images": 7389,
        "method": "vanilla_clip",
        "template": "a photo of a {class}"
    },
    "Oxford_Flowers_192": {
        "accuracy_top1": 0.6540342298288508,
        "accuracy_top5": 0.8508557457212714,
        "num_classes": 102,
        "num_images": 818,
        "method": "vanilla_clip",
        "template": "a photo of a {class}"
    },
    "SlowSketch": {
        "accuracy_top1": 0.7426556991774383,
        "accuracy_top5": 0.9236192714453584,
        "num_classes": 20,
        "num_images": 1702,
        "method": "vanilla_clip",
        "template": "a photo of a {class}"
    },
    "Stanford_Cars": {
        "accuracy_top1": 0.5798133595284872,
        "accuracy_top5": 0.9031188605108055,
        "num_classes": 196,
        "num_images": 8144,
        "method": "vanilla_clip",
        "template": "a photo of a {class}"
    },
    "Stanford_Dogs": {
        "accuracy_top1": 0.5717687074829932,
        "accuracy_top5": 0.8747813411078718,
        "num_classes": 120,
        "num_images": 20580,
        "method": "vanilla_clip",
        "template": "a photo of a {class}"
    }
}