{
    "Birdsnap": {
        "accuracy": 0.39669421487603307,
        "num_classes": 15,
        "num_images": 847
    },
    "CUB_200_2011": {
        "accuracy": 0.5289928789420142,
        "num_classes": 200,
        "num_images": 11796
    },
    "FGVC_Aircraft": {
        "accuracy": 0.2631263126312631,
        "num_classes": 70,
        "num_images": 3333
    }
}