{
    "Birdsnap": {
        "accuracy_top1": 0.34946871310507677,
        "accuracy_top5": 0.8524203069657615,
        "num_classes": 15,
        "num_images": 847,
        "avg_descriptors_per_class": 8.0
    },
    "CUB_200_2011": {
        "accuracy_top1": 0.5220413699559172,
        "accuracy_top5": 0.8389284503221431,
        "num_classes": 200,
        "num_images": 11796,
        "avg_descriptors_per_class": 7.91
    },
    "FGVC_Aircraft": {
        "accuracy_top1": 0.25622562256225623,
        "accuracy_top5": 0.6351635163516351,
        "num_classes": 70,
        "num_images": 3333,
        "avg_descriptors_per_class": 8.0
    }
}