{
    "model": "ViT-B/32",
    "method": "WaffleCLIP",
    "results": {
        "CUB_200_2011": {
            "accuracy": 0.5045778229908443,
            "num_classes": 200,
            "num_images": 11796
        },
        "FGVC_Aircraft": {
            "accuracy": 0.21962196219621963,
            "num_classes": 70,
            "num_images": 3333
        }
    }
}